{"cameraMode":{"drawMode":0,"name":"Shaded","section":"Shading Mode"},"sceneLighting":false,"audioPlay":false,"sceneViewState":{"showFog":true,"showMaterialUpdate":false,"showSkybox":true,"showFlares":true,"showImageEffects":true,"showParticleSystems":true},"in2DMode":false,"pivot":{"x":14.128246307373047,"y":1.8819067478179932,"z":-9.722644805908204},"rotation":{"x":-0.22480230033397675,"y":0.023964934051036836,"z":-0.005530578549951315,"w":-0.9740948677062988},"size":0.8000032305717468,"orthographic":false}